{
  "build": "h827c3e9_3",
  "build_number": 3,
  "channel": "https://repo.anaconda.com/pkgs/main/win-64",
  "constrains": [],
  "depends": [
    "vc >=14.2,<15.0a0",
    "vs2015_runtime >=14.29.30133,<15.0a0"
  ],
  "fn": "jpeg-9e-h827c3e9_3.conda",
  "license": "IJG",
  "md5": "ece4913843532479a93a7e42be64a607",
  "name": "jpeg",
  "sha256": "35309751285f3dc251ce6dda7fbbbd0eaa3fcdbef6a9548a60ad2adf4f0814b8",
  "size": 341887,
  "subdir": "win-64",
  "timestamp": 1722872751000,
  "url": "https://repo.anaconda.com/pkgs/main/win-64/jpeg-9e-h827c3e9_3.conda",
  "version": "9e"
}