{
  "build": "h8cc25b3_0",
  "build_number": 0,
  "channel": "https://repo.anaconda.com/pkgs/main/win-64",
  "constrains": [],
  "depends": [
    "vc >=14.1,<15.0a0",
    "vs2015_runtime >=14.16.27012,<15.0a0",
    "zlib >=1.2.13,<1.3.0a0"
  ],
  "fn": "libpng-1.6.39-h8cc25b3_0.conda",
  "license": "Zlib",
  "md5": "60e1e5ca340a495e7e4200e911dd9fd9",
  "name": "libpng",
  "sha256": "5d198eff34305a24d23f471c20b06b0726eed402a0b57ff217023b29784949a1",
  "size": 377566,
  "subdir": "win-64",
  "timestamp": 1677841899000,
  "url": "https://repo.anaconda.com/pkgs/main/win-64/libpng-1.6.39-h8cc25b3_0.conda",
  "version": "1.6.39"
}